{
  "products": [
    {
      "id": 1,
      "name": "MSI Notebook",
      "price": 5000,
      "categoryId": 2,
      "description": "MSI RAM: 8GB 512 GB SSD",
      "image": "assets/1.jpg"
    },
    {
      "id": 2,
      "name": "HP G250",
      "price": 5640,
      "categoryId": 2,
      "description": "HP RAM: 8GB 512 GB SSD",
      "image": "assets/2.jpg"
    },
    {
      "id": 3,
      "name": "Apple Macbook Air",
      "price": 5700,
      "categoryId": 1,
      "description": "APPLE MACBOOK AIR M2 RAM: 16GB 512 GB SSD",
      "image": "assets/3.jpg"
    },
    {
      "id": 4,
      "name": "Lenovo Notebook",
      "price": 5760,
      "categoryId": 2,
      "description": "LENOVO THINKBOOK RAM: 8GB 512 GB SSD",
      "image": "assets/4.jpg"
    },
    {
      "id": -1,
      "name": "Dell",
      "price": "3000",
      "categoryId": "1",
      "description": "Dell Vostro 8GB RAM 512GB SSD",
      "image": "https://productimages.hepsiburada.net/s/131/375/110000082236148.jpg"
    },
    {
      "name": "Razer Laptop",
      "description": "32GB RAM 1 TB SSD",
      "price": "9000",
      "image": "https://www.notebookcheck-tr.com/uploads/tx_nbc2/4zu3_Razer_Blade_15_Advanced_Model_2020.jpg",
      "categoryId": "1",
      "id": 5
    },
    {
      "name": "Casper",
      "description": "4GB RAM 256GB SSD",
      "image": "https://cdn.vatanbilgisayar.com/Upload/PRODUCT/casper/thumb/v2-84502-7_large.jpg",
      "price": "2000",
      "categoryId": "2",
      "id": 6
    }
  ]
}